{
  "categorias": [
    {
      "titulo": "Modulo 1 e 2",
      "cor": "#6BD1FF",
      "link_extra": {
        "text": "Básico de HTML e HTML5 + CSS Básico"
      },
      "videos": [
        {
          "titulo": "O que faz uma desenvolvedora front-end? #HipstersPontoTube",
          "url": "https://www.youtube.com/watch?v=ZY3-MFxVdEw"
        },
        {
          "titulo": "Aula 01 - Básico de HTML e HTML5",
          "url": "https://youtu.be/MPIrLgnuwaI"
        },
        {
          "titulo": "Aula 01 (Tutorial) - Instalação do VsCode",
          "url": "https://youtu.be/5xr_FFk8UGw"
        },
        {
          "titulo": "Aula 01 (Prática) - Introdução ao HTML5 1/3",
          "url": "https://youtu.be/gnnabi7OrOk"
        },
        {
          "titulo": "Aula 01 (Prática) - Introdução ao HTML5 2/3",
          "url": "https://youtu.be/cETXqQGnIc8"
        },
        {
          "titulo": "Aula 01 (Prática) - Introdução ao HTML5 3/3",
          "url": "https://youtu.be/AWB7seIUYIA"
        },
        {
          "titulo": "Aula 02 - CSS Básico ",
          "url": "https://youtu.be/ghi6DhmwDEc"
        },
        {
          "titulo": "Aula 02 (Prática) - CSS Básico 1/3",
          "url": "https://youtu.be/-VBXjUDZ23k"
        },
        {
          "titulo": "Aula 02 (Prática) - CSS Básico 2/3",
          "url": "https://youtu.be/_-ZQiHjTpLs"
        },
        {
          "titulo": "Aula 02 (Prática) - CSS Básico 3/3",
          "url": "https://youtu.be/WFtQYyFWW98"
        }        
      ]
    },
    {
      "titulo": "Modulo 3",
      "cor": "#00C86F",
      "link_extra": {
        "text": "Programação Estruturada com JavaScript"
      },
      "videos": [
        {
          "titulo": "Aula 03 - Programação Estruturada com JavaScript",
          "url": "https://youtu.be/E3f9JpP3za0"
        },
        {
          "titulo": "Aula 03 (Prática) - Programação Estruturada com JavaScript 1/3",
          "url": "https://youtu.be/MS4ai1_X6Yc"
        },
        {
          "titulo": "Aula 03 (Prática) - Programação Estruturada com JavaScript 2/3",
          "url": "https://youtu.be/m6ZDUFvn40s"
        },
        {
          "titulo": "Aula 03 (Prática) - Programação Estruturada com JavaScript 3/3",
          "url": "https://youtu.be/-JTPQ-nvywk"
        }
      ]
    },
    {
      "titulo": "Modulo 4",
      "cor": "#9cd33b",
      "link_extra": {
        "text": "GIT & GITHUB"
      },
      "videos": [
        {
          "titulo": "Aula 04 - GIT & GITHUB",
          "url": "https://youtu.be/LIZHo6ByZPs"
        },
        {
          "titulo": "Aula 04 (Prática) - GIT & GITHUB 1/3",
          "url": "https://youtu.be/FYoOO10xks4"
        },
        {
          "titulo": "Aula 04 (Prática) - GIT & GITHUB 2/3",
          "url": "https://youtu.be/F9ao50zUivM"
        },
        {
          "titulo": "Aula 04 (Prática) - GIT & GITHUB 3/3",
          "url": "https://youtu.be/aMvCZQ3So_s"
        }
      ]
    },
    {
      "titulo": "Modulo 5",
      "cor": "orange",
      "link_extra": {
        "text": "JavaScript Intermediário"
      },
      "videos": [
        {
          "titulo": "Aula 05 - JavaScript Intermediário",
          "url": "https://youtu.be/rG7nm4FLcag"
        },
        {
          "titulo": "Aula 05 (Prática) - JavaScript Intermediário 1/3",
          "url": "https://youtu.be/POOyVuEwAQk"
        },
        {
          "titulo": "Aula 05 (Prática) - JavaScript Intermediário 2/3",
          "url": "https://youtu.be/NzmYd_vmvlw"
        },
        {
          "titulo": "Aula 05 (Prática) - JavaScript Intermediário 3/3",
          "url": "https://youtu.be/m7So9hHgY30"
        }
      ]
    },
    {
      "titulo": "Modulo 6",
      "cor": "red",
      "link_extra": {
        "text": "Programação orientada a objetos"
      },
      "videos": [
        {
          "titulo": "Aula 06 - Programação Orientada a Objetos",
          "url": "https://youtu.be/ozujMdpd_CY"
        },
        {
          "titulo": "Aula 06 (Prática) - POO 1/3",
          "url": "https://youtu.be/lJegC4f9hhE"
        },
        {
          "titulo": "Aula 06 (Prática) - POO 2/3",
          "url": "https://youtu.be/cZ5gnV6jJF0"
        },
        {
          "titulo": "Aula 06 (Prática) - POO 3/3",
          "url": "https://youtu.be/5uVSZZxf8s8"
        }
      ]
    },
    {
      "titulo": "Modulo 7",
      "cor": "red",
      "link_extra": {
        "text": "Arrays"
      },
      "videos": [
        {
          "titulo": "Aula 07 - Arrays",
          "url": "https://youtu.be/oIk2RDc84_E"
        },
        {
          "titulo": "Aula 07 (Prática) - Arrays 1/3",
          "url": "https://youtu.be/TRv6TaXwzfQ"
        },
        {
          "titulo": "Aula 07 (Prática) - Arrays 2/3",
          "url": "https://youtu.be/FgvX0_gLqWE"
        },
        {
          "titulo": "Aula 07 (Prática) - Arrays 3/3",
          "url": "https://youtu.be/VxsAX3QBHEk"
        }
      ]
    },
    {
      "titulo": "Modulo 8, 9 e 10",
      "cor": "#6b5be2",
      "link_extra": {
        "text": "Node + React + Projeto Final"
      },
      "videos": [
        {
          "titulo": "Aula 08 - Node",
          "url": "https://youtu.be/q_maAyWzsEo"
        },
        {
          "titulo": "Aula 08 (Tutorial) - Instalação MySQL",
          "url": "https://youtu.be/7-morKRCDKc"
        },
        {
          "titulo": "Aula 08 (Tutorial) - Instalação NodeJS",
          "url": "https://youtu.be/uDgMYhGzqIw"
        },
        {
          "titulo": "Aula 08 (Prática) - Node JS 1/3 ",
          "url": "https://youtu.be/QL8uB-9X-Fs"
        },
        {
          "titulo": "Aula 08 (Prática) - Node JS 2/3 ",
          "url": "https://youtu.be/gWehBnABLU4"
        },
        {
          "titulo": "Aula 08 (Prática) - Node JS 3/3",
          "url": "https://youtu.be/VsGWjuyWBdg"
        },
        {
          "titulo": "Aula 09 - React",
          "url": "https://youtu.be/faSWZDD75Jg"
        },
        {
          "titulo": "Aula 09 (Prática) - ReactJS 1/3",
          "url": "https://youtu.be/6J7q_T5CMJo"
        },
        {
          "titulo": "Aula 09 (Prática) - ReactJS 2/3",
          "url": "https://youtu.be/P-gPqm89h5s"
        },
        {
          "titulo": "Aula 09 (Prática) - ReactJS 3/3",
          "url": "https://youtu.be/EO6ui7FcmYI"
        },
        {
          "titulo": "Aula 10 - Projeto Final",
          "url": "https://youtu.be/-U882L3BJlo"
        },
        {
          "titulo": "Aula 11 (Prática) - Projeto Final 1/3",
          "url": "https://youtu.be/CXfNA54sLNQ"
        },
        {
          "titulo": "Aula 11 (Prática) - Projeto Final 2/3",
          "url": "https://youtu.be/WRSnCUOYmGc"
        },
        {
          "titulo": "Aula 11 (Prática) - Projeto Final 3/3",
          "url": "https://youtu.be/dPuldHSs6y4"
        }
      ]
    }
  ]
}